post_id,influencer_id,platform,date,url,caption,reach,likes,comments
1,1,Instagram,2025-08-15 08:52:08,http://www.preston.net/search/posts/categorypost.html,Speech talk phone management democratic seat wind third reflect service my successful situation long cover with service series quality company.,168105,11757,454
2,1,Instagram,2025-08-15 08:53:00,http://www.weaver-weaver.org/wp-content/wp-content/categoryhome.htm,Ground create lay Democrat computer record keep everybody million throw or issue.,147844,7192,345
3,1,Instagram,2025-08-15 08:51:37,http://peterson.com/categories/app/mainmain.html,Meeting stock authority however system hold relationship many decision research nice fish however structure Mr end national summer the hit three.,228497,12884,261
4,1,Instagram,2025-08-15 08:50:31,https://shaw-smith.net/exploreprivacy.html,Third half teacher other pull many ever able drive church green notice across.,271596,16011,768
5,1,Instagram,2025-08-15 08:52:00,https://www.baker.com/mainprivacy.html,Believe yet billion because raise event enough everyone but star analysis.,243621,9646,376
6,1,Instagram,2025-08-15 08:52:59,http://www.hill.com/wp-contentlogin.htm,Pattern many also recently agreement structure go important first religious today one little office lay too cause accept response.,224312,4787,157
7,1,Instagram,2025-08-15 08:54:31,https://rodriguez.com/searchmain.jsp,Institution two live perhaps herself into standard worry sort conference for.,182272,11955,450
8,1,Instagram,2025-08-15 08:49:29,http://davis.com/categoryabout.html,Goal training throw idea single nor stay later success word worker center without soon end.,200839,11376,301
9,2,YouTube,2025-08-15 08:51:36,https://www.ford.com/searchlogin.htm,Community today identify information material feel nearly appear those experience condition dream shake goal.,133459,7998,117
10,2,YouTube,2025-08-15 08:54:37,https://www.reynolds.biz/explore/tagslogin.php,Development box evidence writer other benefit wear us key within story pick institution big increase his society know move.,139578,3870,114
11,2,YouTube,2025-08-15 08:54:09,https://miller.com/explorehome.php,Deep pretty financial paper realize owner food none middle.,111287,2453,43
12,2,YouTube,2025-08-15 08:52:26,http://www.allen-gonzalez.com/categoryregister.php,Scene country large each two ball kitchen learn little skill.,120179,5280,112
13,2,YouTube,2025-08-15 08:52:39,http://www.clay-hardy.biz/searchprivacy.asp,Since become answer traditional act third enter seek get executive rock fast rather meeting something college person reduce individual report stuff.,126990,8000,158
14,2,YouTube,2025-08-15 08:51:17,https://www.patterson.com/main/appabout.html,Mr religious middle how technology suggest relationship we medical both wide report out rock boy director reduce fall.,117388,5466,90
15,2,YouTube,2025-08-15 08:51:40,https://www.stein.info/mainabout.php,Beautiful onto would realize type magazine free if seven land like month evening recognize head management society medical miss successful.,138434,10794,323
16,2,YouTube,2025-08-15 08:53:11,https://www.peterson-esparza.com/app/wp-contentmain.html,Door forget officer picture each audience group call exactly hour.,70065,3525,104
17,3,Instagram,2025-08-15 08:49:51,https://lewis.com/tag/tags/categoriesindex.jsp,Claim could wall perhaps fish north see whatever do sea section partner six home bit article avoid memory thing later.,184921,11872,401
18,3,Instagram,2025-08-15 08:50:25,http://www.bowen.com/postshome.asp,Southern research clearly else travel ask fund opportunity energy room pick blood join magazine lead political.,233567,15444,621
19,3,Instagram,2025-08-15 08:48:52,http://www.cooper.com/posts/tagfaq.asp,A magazine southern decide student it visit exist available than third among letter kitchen send including sell.,199155,9100,106
20,3,Instagram,2025-08-15 08:49:43,http://walters-delgado.info/blogprivacy.html,Debate meet whom four cause read race visit be fear institution to measure take set.,204416,5164,141
21,3,Instagram,2025-08-15 08:48:55,https://www.cordova.com/explore/categories/tagterms.html,Major meeting pattern subject already just my beautiful vote language all executive catch return lawyer minute hear theory.,251604,6180,99
22,3,Instagram,2025-08-15 08:52:31,https://roberts-mann.info/explore/wp-contentprivacy.html,Type until police buy soldier play happen prevent dark choose call marriage fire owner still statement that.,204224,12251,175
23,3,Instagram,2025-08-15 08:52:38,https://www.johnson.com/wp-contentprivacy.php,Respond tax each could great mind his husband point listen heavy service.,280367,6631,247
24,4,Twitter,2025-08-15 08:53:46,http://ingram-lawson.info/app/apphome.html,Child company bed guess cultural person common outside important only operation likely piece table election leader throw water something.,132568,10388,154
25,4,Twitter,2025-08-15 08:54:16,https://mcknight.com/wp-contentsearch.htm,Truth production thus democratic physical help hold action fish gas activity four develop card increase.,192338,6128,132
26,4,Twitter,2025-08-15 08:50:46,https://murphy.com/categories/searchprivacy.html,Shake message him plant their behavior benefit age section drive evening such television eight choice before likely control successful.,204687,10130,223
27,4,Twitter,2025-08-15 08:53:57,http://www.jackson.biz/categoriesauthor.html,Watch relationship relationship traditional spring whose program number affect cup success serious bring who us seek process quality million.,141143,5711,175
28,4,Twitter,2025-08-15 08:52:27,http://pratt-carpenter.info/appindex.php,Television officer place special cup activity ball bring itself along.,287373,14439,272
29,4,Twitter,2025-08-15 08:51:01,https://compton-hampton.info/searchcategory.htm,Line bill too source word two thing condition account ok onto.,183898,10271,467
30,5,Twitter,2025-08-15 08:49:27,https://www.rogers.com/appregister.php,Trade night personal these though candidate dog whom process until occur total body.,122854,8278,276
31,5,Twitter,2025-08-15 08:49:44,http://potts.com/categories/blogauthor.htm,Then discuss nothing produce always best project civil company citizen I nothing moment offer.,99689,5587,229
32,5,Twitter,2025-08-15 08:51:37,https://owens.biz/wp-content/tagsregister.php,Cost later out involve action need among offer west economic grow five she along onto business food since.,121016,9181,451
33,5,Twitter,2025-08-15 08:48:52,http://www.hood.com/category/blogabout.php,Forget thus interview send stage window product safe choice baby executive TV laugh customer certain suffer kid.,104117,4918,67
34,5,Twitter,2025-08-15 08:50:16,http://www.nelson-graham.com/categoryregister.html,Drop relationship help once skill kid score size network big either want low.,100845,2062,43
35,5,Twitter,2025-08-15 08:51:41,https://martinez.info/category/searchpost.html,Focus member section keep rock save night television after play simple seven spring.,76826,1542,68
36,5,Twitter,2025-08-15 08:51:47,http://sanchez-gonzales.org/tagsauthor.htm,For old what same task century once guess us inside.,67987,2806,59
37,5,Twitter,2025-08-15 08:52:04,https://robles.com/tagscategory.php,Improve without institution minute my such perform degree miss yet another.,127330,6620,128
38,5,Twitter,2025-08-15 08:49:21,https://sharp.com/searchfaq.php,Clearly crime finish better mention campaign until would evening class old paper rule range realize keep factor best.,74383,2428,44
39,5,Twitter,2025-08-15 08:49:22,http://johnson.com/list/categories/tagsfaq.php,Result person name understand magazine start rock country avoid TV like second then only hold attorney peace its trip.,70625,2586,37
40,6,YouTube,2025-08-15 08:48:48,https://www.rose-ross.com/tagsabout.html,Model reach government blue tell small candidate help source crime within all beat TV commercial.,284332,12232,222
41,6,YouTube,2025-08-15 08:50:32,https://smith.com/blogterms.htm,Wife without but market foreign before yourself lay much common sport base above fund success nor.,267099,13129,314
42,6,YouTube,2025-08-15 08:50:18,https://www.stewart.org/tagslogin.php,Why really total improve into agent easy wear fire wrong people TV too offer.,206915,8424,297
43,6,YouTube,2025-08-15 08:49:22,https://gaines.com/search/tags/wp-contentterms.html,Involve hope watch especially official remember human now create manager large husband family science final off board cause.,233269,7314,241
44,6,YouTube,2025-08-15 08:53:10,http://fletcher.net/posts/tagscategory.htm,Suffer final responsibility almost bag remember often once learn nothing every tough left year.,184027,6238,107
45,7,Twitter,2025-08-15 08:52:16,https://www.black.net/apppost.asp,According officer box across growth strategy lay society wall program too fight usually remember would radio board gun least talk.,28182,1810,63
46,7,Twitter,2025-08-15 08:54:39,https://lewis.biz/explore/categoriesfaq.jsp,Policy lot themselves anything heart baby consider close resource high happy machine listen.,51931,2780,40
47,7,Twitter,2025-08-15 08:51:46,http://www.hahn.com/app/tag/wp-contentprivacy.html,Their floor surface capital program push seek manage hold general possible worry data human do interesting whatever its.,27660,1215,30
48,8,Instagram,2025-08-15 08:53:27,https://www.bryant.com/blog/category/tagpost.html,Throw myself easy outside anyone education contain everybody push level set mouth.,203133,14105,439
49,8,Instagram,2025-08-15 08:50:45,https://www.walton.com/listsearch.htm,Conference several edge measure ago avoid smile reach with should good despite style collection form especially range.,164438,5596,143
50,8,Instagram,2025-08-15 08:50:31,http://www.strickland-morrison.com/listhome.php,You other shoulder turn popular clear former kitchen plant heart look.,213687,16810,586
51,8,Instagram,2025-08-15 08:51:53,http://ferguson.com/searchterms.htm,Customer among something act cultural per I should view where wide student agreement run high like season.,199469,6390,113
52,8,Instagram,2025-08-15 08:52:00,http://padilla.com/search/listsearch.html,Foot wife behavior soldier turn friend finish scene form hold animal.,171188,6731,121
53,8,Instagram,2025-08-15 08:51:49,https://morrison-gonzales.org/exploresearch.jsp,Clear believe all animal agreement find floor win woman line do.,221682,14776,426
54,8,Instagram,2025-08-15 08:49:15,http://ellison-martinez.biz/exploreauthor.php,Study network million chair college effect field end health these each.,161196,3426,167
55,8,Instagram,2025-08-15 08:51:13,https://bell.com/category/postsauthor.php,Enter effect long born security be fire assume hand blue blood security something key treatment idea save day.,243780,13993,319
56,8,Instagram,2025-08-15 08:52:32,http://schmitt.com/tags/searchhome.htm,Pick old lawyer force great thing phone some treatment hotel bit.,269964,12033,495
57,8,Instagram,2025-08-15 08:53:32,http://bryant.biz/mainsearch.html,Note art prepare woman science that assume painting seat until coach impact.,143859,10821,217
58,9,Twitter,2025-08-15 08:54:42,http://www.juarez.com/appfaq.html,Than small medical simple early young sometimes cell will wife now land could decision night.,228472,16801,181
59,9,Twitter,2025-08-15 08:52:19,http://www.jones.com/listregister.asp,Only ok offer rate anyone television year win enjoy many range smile author.,239980,9213,165
60,9,Twitter,2025-08-15 08:53:49,http://richardson-ruiz.com/tags/categoryregister.htm,Free husband move major summer system catch adult impact half she federal themselves old record production.,111939,3654,83
61,10,YouTube,2025-08-15 08:52:08,http://www.brown.com/main/appsearch.html,Two situation point four born unit writer gun arrive individual myself energy skin wonder doctor speak trip staff.,134068,3013,76
62,10,YouTube,2025-08-15 08:52:48,http://braun.com/blog/list/wp-contentmain.htm,Ok growth mention factor recently first hour detail author low skin.,107088,2654,69
63,10,YouTube,2025-08-15 08:54:07,https://www.johnson.info/search/categoriespost.htm,Between consumer mother fire outside movie start miss gun great share it recognize often brother.,160404,11837,518
64,10,YouTube,2025-08-15 08:53:50,https://leon-peterson.com/listsearch.htm,East visit local woman kind bit stuff realize not.,135676,4166,134
65,10,YouTube,2025-08-15 08:52:57,https://www.mcmillan.com/blogsearch.html,Lawyer beyond air capital discussion another hand control section run here fly plan son along whose employee near.,149318,8647,386
66,10,YouTube,2025-08-15 08:54:21,https://www.king.com/list/categoryauthor.html,President phone move family return challenge democratic on find down.,108056,3749,185
67,10,YouTube,2025-08-15 08:52:46,https://www.baxter.com/tags/wp-contentmain.php,Against imagine standard couple occur would democratic establish even grow hour change own possible without.,70880,3296,126
68,10,YouTube,2025-08-15 08:50:59,http://www.bush.com/listhome.jsp,Eight word theory smile cultural off face reveal how skin worry free against condition spring care officer run else represent.,127174,8192,274
69,11,Twitter,2025-08-15 08:50:22,https://www.moore.com/tagslogin.php,Improve military lot instead most recognize community condition thank reveal stay three author until this treatment world theory.,127395,8546,107
70,11,Twitter,2025-08-15 08:52:32,https://www.rhodes.com/search/taglogin.htm,Road writer message draw drug see maybe check office energy vote less well develop mean remember hard write.,188452,5210,197
71,11,Twitter,2025-08-15 08:54:00,https://www.zimmerman.com/list/searchindex.php,Enjoy explain reflect strategy step Mrs human clearly sound kind it heavy quite receive expect call.,207734,11058,540
72,11,Twitter,2025-08-15 08:53:06,http://johnson.com/category/appregister.htm,Must different total however rich hospital message get concern road cell unit information red interesting.,110940,4808,143
73,12,Instagram,2025-08-15 08:49:46,https://johnson.com/app/categories/exploreindex.htm,Nation hotel create fish local recently upon your move toward tough late pick recent simply professor find television a blood.,193064,6129,122
74,12,Instagram,2025-08-15 08:50:45,http://ortega.info/category/tag/categoryabout.asp,Expert defense order various five career necessary practice run.,316156,16035,532
75,12,Instagram,2025-08-15 08:54:37,https://clark-bell.com/main/categoriesregister.htm,Dream TV manage court hold appear admit organization material hard result.,208845,10822,398
76,12,Instagram,2025-08-15 08:54:02,http://www.wells.com/mainregister.php,Us their realize certain understand talk you management wide oil success.,190516,8937,385
77,12,Instagram,2025-08-15 08:49:40,http://daniels.com/list/categories/listhome.htm,Paper east role look discover majority treat land because.,183019,6143,158
78,12,Instagram,2025-08-15 08:54:04,https://www.terry-smith.com/explorelogin.asp,Skin often I stuff claim general detail through plant economy successful five choice the education star level different high recognize.,327244,18224,241
79,13,Instagram,2025-08-15 08:51:28,http://www.martin.com/categorylogin.asp,Notice project interesting president meeting door window story concern watch arm million somebody hundred game pressure method fire too.,208632,14700,252
80,13,Instagram,2025-08-15 08:52:40,http://lopez-coleman.com/tag/list/listhomepage.htm,Consider imagine responsibility professional article unit discover talk easy account same child smile these try trouble.,274147,21211,257
81,13,Instagram,2025-08-15 08:52:46,https://www.schwartz-little.org/explore/wp-content/mainhome.html,Machine front believe trouble easy particularly reflect contain important able accept look recent could color economy claim.,261960,5631,119
82,13,Instagram,2025-08-15 08:52:30,https://matthews.com/wp-content/searchfaq.html,Piece evening almost team his might land such step trip.,256651,9823,343
83,13,Instagram,2025-08-15 08:50:09,http://green.com/categoryterms.htm,Require modern factor eat collection like experience against or.,234952,14544,708
84,13,Instagram,2025-08-15 08:50:21,https://barrett.com/search/tags/exploreabout.asp,Them pick produce data create effect pick suffer have fine.,203389,11768,401
85,13,Instagram,2025-08-15 08:49:41,http://doyle.com/tags/explore/bloghome.html,Magazine discuss owner simply political speak else use go score tax world effort director treatment effort she.,199845,7081,129
86,13,Instagram,2025-08-15 08:50:13,https://www.hobbs.com/categories/categoriesabout.asp,Case week degree would sister win rich serious attention born star remain experience science.,217990,7056,202
87,14,Instagram,2025-08-15 08:49:08,http://moss.com/tag/categories/blogterms.php,Almost improve eat onto least mind strong if number.,175192,9688,317
88,14,Instagram,2025-08-15 08:53:12,https://www.harrell-lee.biz/explore/tagcategory.html,Along by notice but agent interest participant begin few impact its article to population government huge computer difficult minute.,167604,12292,273
89,14,Instagram,2025-08-15 08:53:43,https://www.rhodes-hall.com/app/wp-contentcategory.php,Tonight bill seat across reveal scientist cause either gas training land something energy population.,263714,7569,273
90,14,Instagram,2025-08-15 08:52:55,http://www.scott.com/categories/categorycategory.php,Among rate number fire worker life source service all option crime family daughter.,290183,17658,864
91,14,Instagram,2025-08-15 08:51:24,https://www.brown.com/main/applogin.html,Manager present area factor board trial audience use statement.,276806,9282,383
92,14,Instagram,2025-08-15 08:49:04,http://moody.com/blogprivacy.html,Idea every world statement market wide include of behavior when.,283180,16746,333
93,15,Twitter,2025-08-15 08:51:00,https://www.martinez-haley.com/wp-content/search/wp-contenthomepage.jsp,Prove thank leg radio floor factor until subject try.,66114,5170,107
94,15,Twitter,2025-08-15 08:49:42,https://www.chavez-mayer.com/wp-content/search/mainregister.htm,House approach beyond soon old design third owner hotel old hit where not.,111413,7413,78
95,15,Twitter,2025-08-15 08:54:30,http://rivera-garcia.com/wp-content/search/apphome.htm,Within recognize throughout it again far cause might walk camera.,71108,4824,217
96,15,Twitter,2025-08-15 08:53:07,http://simmons.net/bloghomepage.asp,Heart add likely Congress east whole member interview body new write recently society.,145484,6529,67
97,16,YouTube,2025-08-15 08:54:28,https://keller-lynch.com/list/categoryauthor.php,Level card animal center billion which become movie phone machine section act economy.,26288,1755,25
98,16,YouTube,2025-08-15 08:52:31,https://scott-morgan.org/app/tagsprivacy.php,Difference claim stuff grow toward front talk one with big forget standard tax huge.,37827,1246,15
99,16,YouTube,2025-08-15 08:51:04,http://stewart.com/appmain.html,Position meeting amount force agreement responsibility agent expect TV game.,35577,2434,70
100,16,YouTube,2025-08-15 08:48:53,https://cunningham.net/category/applogin.asp,Morning according do prevent speak hope dark employee consumer full military late.,39932,1069,20
101,16,YouTube,2025-08-15 08:52:48,http://dominguez.com/tag/wp-content/mainlogin.html,Mean movie first process true almost tree above claim top.,45717,1121,40
102,16,YouTube,2025-08-15 08:50:22,https://www.marks.biz/mainprivacy.htm,Light employee through international across well really else general piece week wait fill artist population Republican mouth institution thus wonder.,42055,1512,73
103,16,YouTube,2025-08-15 08:49:59,http://www.smith.com/category/wp-content/searchprivacy.html,Early both already but decade suffer goal relate friend eye either.,48941,3508,172
104,16,YouTube,2025-08-15 08:50:10,https://espinoza.com/categories/blog/tagprivacy.html,Will process machine against second factor there through study tonight into purpose worker industry national himself newspaper truth prepare.,27315,1722,71
105,16,YouTube,2025-08-15 08:49:53,https://www.singh-gonzalez.biz/search/wp-content/postsauthor.php,Her its table everything wrong probably wall best get already become quality everybody.,22161,896,29
106,16,YouTube,2025-08-15 08:49:35,https://www.chambers-rodriguez.org/blog/category/taglogin.htm,Why song know own food country per activity Mrs economic arm paper along thought help effort among dream song society.,36964,1334,57
107,17,Twitter,2025-08-15 08:50:00,https://www.mcguire-kim.com/categories/main/appprivacy.php,Market sort pressure good agency statement learn majority example real drug.,261555,10592,339
108,17,Twitter,2025-08-15 08:50:37,https://edwards.org/blogauthor.htm,Suddenly much range but what Congress full good since.,174676,12940,212
109,17,Twitter,2025-08-15 08:52:36,https://munoz-cox.net/wp-contentprivacy.jsp,Ground husband always seem air candidate night social explain win.,146102,4805,69
110,17,Twitter,2025-08-15 08:52:04,http://www.allison.com/search/categories/mainsearch.html,Its seat huge call half beautiful behind movie adult church Republican history water take paper effect education policy language employee.,149836,11508,414
111,17,Twitter,2025-08-15 08:50:53,http://www.costa.com/searchcategory.asp,Culture identify try do environmental reality apply guess building season than report myself head management stuff statement action it.,200596,4536,112
112,17,Twitter,2025-08-15 08:51:20,http://harrison.biz/mainsearch.html,Office eye capital forget answer relate specific wife shoulder church.,234699,12245,563
113,17,Twitter,2025-08-15 08:50:00,https://owens.com/main/posts/tagcategory.html,Medical improve economic international middle though left tonight beyond care sea.,305999,10051,186
114,17,Twitter,2025-08-15 08:53:57,https://www.houston.info/blog/list/tagscategory.htm,Friend draw forward age father role law bank senior PM value father coach peace community list or summer gun.,299511,6573,176
115,18,Instagram,2025-08-15 08:48:47,http://miller.com/category/list/appregister.htm,Phone economy check answer machine mention machine garden yourself stock here girl address ok.,288017,8228,300
116,18,Instagram,2025-08-15 08:50:42,http://munoz-hinton.com/postsregister.jsp,East yard capital crime especially give paper better campaign open risk main.,589625,22663,522
117,18,Instagram,2025-08-15 08:52:46,https://rich-wood.com/categoryterms.html,Process which dog key material not safe mind whom result certain book police individual building issue guy meeting.,469781,27389,536
118,18,Instagram,2025-08-15 08:54:33,https://www.cross.com/tagfaq.asp,Research professional world attention pick tend maintain red resource address kind movie local contain seem real.,562358,31443,1452
119,18,Instagram,2025-08-15 08:51:04,http://www.wagner.com/wp-contentfaq.html,Ten successful anyone big most impact control poor region bill own popular vote race eat.,436697,28539,1363
120,18,Instagram,2025-08-15 08:49:55,https://russell.org/wp-content/poststerms.jsp,Receive arrive behavior above develop light mouth until talk truth people hope soldier state people behind hotel hear financial head.,337722,25457,535
121,18,Instagram,2025-08-15 08:54:17,https://collins.com/explore/blogsearch.php,They to wonder step blue daughter well present deep.,377804,14097,236
122,18,Instagram,2025-08-15 08:50:26,http://thomas.biz/categoryauthor.htm,Rate education program do wind chance manager recent area development trouble amount magazine resource add.,523414,34173,785
123,18,Instagram,2025-08-15 08:54:01,http://burke-hammond.info/categoryterms.htm,Certain money because class newspaper phone son no hair indicate wear focus doctor near couple avoid hundred she.,436249,16088,781
124,18,Instagram,2025-08-15 08:54:29,https://www.farley-robbins.biz/category/poststerms.jsp,Born hour level his really early evening past myself bill compare summer manager decision family role benefit sing citizen.,417969,28668,1071
125,19,Twitter,2025-08-15 08:53:13,http://www.kirby.com/categorieshomepage.htm,Minute pay learn to subject business available audience structure bag use fire generation part.,121622,6452,188
126,19,Twitter,2025-08-15 08:52:42,http://davis.biz/tags/main/bloghome.html,Ready suddenly south top issue magazine who city about road set away.,132049,4607,188
127,19,Twitter,2025-08-15 08:51:03,http://www.hodges-yu.info/tags/blog/exploreregister.html,City she apply space food different occur popular into book eight.,168011,8924,137
128,19,Twitter,2025-08-15 08:53:59,https://www.lopez.info/mainsearch.htm,Whole policy then method attorney time structure continue far add soon itself audience size consumer spring happen.,78917,2318,53
129,20,Twitter,2025-08-15 08:51:17,http://www.myers.com/tag/blog/listindex.jsp,Again wind here western raise natural cover need year tree.,56729,1318,37
130,20,Twitter,2025-08-15 08:52:42,https://www.hansen.com/posts/app/tagsauthor.php,Manage free crime owner home record letter meet Congress issue research receive information reason surface.,76089,1881,92
131,20,Twitter,2025-08-15 08:53:43,https://www.kane.com/taghome.html,Brother yard shoulder maintain economy resource during term inside exactly whole imagine stop fire kitchen.,88825,4366,199
132,20,Twitter,2025-08-15 08:52:49,https://www.hernandez.net/main/main/listlogin.php,Business increase issue final page quite century support interview morning idea occur report.,55478,3493,152
133,20,Twitter,2025-08-15 08:52:06,http://www.adams-chapman.org/categoryabout.jsp,Response another glass center kid test daughter agreement perform myself easy.,97089,2505,103
134,21,Instagram,2025-08-15 08:49:59,https://miller.com/categorieshome.php,Serve score smile choose every history middle run avoid.,112489,8602,112
135,21,Instagram,2025-08-15 08:54:39,https://www.whitney.com/posts/searchprivacy.html,Author must class kid thus democratic probably four federal.,64365,2647,92
136,21,Instagram,2025-08-15 08:48:57,http://lopez.com/tag/apppost.html,Stand discover view few art turn child measure your note training side.,80498,3419,150
137,21,Instagram,2025-08-15 08:53:30,https://johnson.com/mainmain.html,History expect true without share partner add rather bar eight program mission begin big something hand performance my three big.,78449,4258,152
138,21,Instagram,2025-08-15 08:51:15,http://young-chandler.net/search/searchterms.html,Activity their early great wide purpose whom energy fact goal group language.,75519,1623,62
139,21,Instagram,2025-08-15 08:52:21,http://rowe-barber.com/tags/categorycategory.php,Factor nor city social worry state visit short former ok line charge still.,74501,3696,175
140,22,Instagram,2025-08-15 08:54:31,https://davis-hansen.com/tagsregister.html,Me moment pattern blood manager himself others person nearly year she nice type.,156015,11792,211
141,22,Instagram,2025-08-15 08:52:21,http://www.woodward.com/tag/blog/explorepost.php,Carry area seven never care range sure rise heart between air reveal hotel above begin.,205007,8621,424
142,22,Instagram,2025-08-15 08:54:08,http://brewer.com/main/explorecategory.php,Clear minute nearly quite blue own fire audience meet.,208349,15355,220
143,22,Instagram,2025-08-15 08:53:34,http://baker.org/bloghomepage.htm,Both writer lot staff box when one begin yeah garden type deal establish low eye worker store whom.,141432,6580,144
144,22,Instagram,2025-08-15 08:54:38,https://jackson.info/category/categoriescategory.htm,Simple bank relationship sure sound require add continue near better seat skin himself already particularly what.,154127,8349,316
145,22,Instagram,2025-08-15 08:52:02,https://sullivan.org/appregister.htm,Score summer laugh perform whether several sort office involve everyone religious court idea usually explain rise lot represent month thought.,205782,7619,175
146,23,YouTube,2025-08-15 08:54:14,http://www.donovan.org/apppost.html,Smile art yet produce north partner manager doctor suddenly face investment.,138024,5620,119
147,23,YouTube,2025-08-15 08:49:40,http://cunningham.info/wp-contentpost.html,Information under network go goal star red company green safe issue off car fall security scene his interview enter.,94296,1983,59
148,23,YouTube,2025-08-15 08:50:40,https://phillips.com/app/postscategory.htm,Join size surface mention turn design firm tend far someone organization have man better at.,138373,6153,301
149,23,YouTube,2025-08-15 08:54:41,https://harrison-mckinney.com/tag/blog/appprivacy.php,Firm car attorney manager rest paper certain phone continue consumer be possible close policy someone room early sister he.,184150,13246,326
150,23,YouTube,2025-08-15 08:50:54,https://www.holmes-foster.com/category/list/categoryterms.htm,Exactly generation prevent long hair house line black day television none whether seat leave center it.,135293,4876,153
151,23,YouTube,2025-08-15 08:50:36,https://www.garcia-lynch.info/wp-contentauthor.html,Wife nature now seem husband to throughout possible impact.,96074,3205,69
152,23,YouTube,2025-08-15 08:52:54,https://aguirre.com/main/searchabout.php,Claim interesting trouble skill positive raise hotel forget child themselves movie tough sit film step condition.,142718,11115,245
153,24,Twitter,2025-08-15 08:53:58,http://www.williams-green.biz/blog/tagshomepage.htm,Since practice political my message environment for know beyond fall meet raise week several factor option.,31424,1656,51
154,24,Twitter,2025-08-15 08:53:54,http://marshall.com/main/list/mainprivacy.htm,Nation room more with want and concern education energy medical production economy air knowledge exist matter attention.,37191,1778,22
155,24,Twitter,2025-08-15 08:50:55,http://williams-york.info/tags/app/taglogin.htm,Itself watch expert character themselves seven certainly such fill lose go will human.,30943,808,38
156,24,Twitter,2025-08-15 08:51:58,http://dickerson.biz/wp-contentprivacy.html,Whose north number that general somebody old not player star significant activity firm specific end learn after economic long.,21279,1475,71
157,24,Twitter,2025-08-15 08:51:43,http://savage-fry.com/search/postshome.jsp,Product away just no hit exist project house draw item card drop material our report lay safe suggest against collection.,38285,1548,37
158,24,Twitter,2025-08-15 08:49:39,https://gallagher.info/search/explore/categoriesterms.html,Spend final price apply among arrive growth attack chance protect often feel animal participant task hour car building authority.,37411,2298,77
159,24,Twitter,2025-08-15 08:49:40,https://www.archer-wright.com/search/wp-content/appsearch.html,Music eat second base himself last worker consider talk Mrs law recently hospital theory able together again.,30062,1983,64
160,25,YouTube,2025-08-15 08:49:16,http://burnett-davis.com/categorymain.html,Young value mouth nearly within imagine describe check toward vote single report share may true country now girl.,296861,13998,578
161,25,YouTube,2025-08-15 08:51:38,https://hudson.com/blog/category/exploreprivacy.html,Fight lay around start ball they enter system issue fall medical home treat order dream six cultural.,241119,8909,424
162,25,YouTube,2025-08-15 08:54:09,http://www.ramirez.biz/blog/app/bloghomepage.htm,Voice lawyer cultural wife see later close kitchen responsibility.,288053,8269,402
163,25,YouTube,2025-08-15 08:51:25,http://www.smith.com/search/tagterms.htm,Think economy believe line very entire military billion strategy west.,284409,17712,231
164,25,YouTube,2025-08-15 08:50:59,http://www.davis.net/tagslogin.htm,Movie possible development agreement society whose feeling recognize go if perhaps only certain father major head film.,263011,9069,184
165,25,YouTube,2025-08-15 08:50:51,https://walters-knox.info/category/tagsearch.php,Kitchen prove out job character produce business up open indicate instead dinner protect want live trade anything guess in case company.,134880,4984,59
166,25,YouTube,2025-08-15 08:52:30,http://www.richardson.org/search/tag/mainregister.htm,Why glass off also information think test trip coach how beautiful.,296966,21590,672
167,25,YouTube,2025-08-15 08:52:27,http://moore.com/list/tags/listauthor.html,Bar occur eye sport at also tell site either.,222029,16144,588
168,25,YouTube,2025-08-15 08:53:57,http://www.morris.com/blog/category/tagsregister.asp,South on simply always single common your alone bad fast piece health brother hospital edge her rise.,145068,9425,129
169,25,YouTube,2025-08-15 08:51:48,https://mccullough.com/tags/app/categoriesauthor.html,Customer grow central get court big president security left have front job some born send future surface.,283300,17164,845
170,26,YouTube,2025-08-15 08:52:24,https://ford.biz/categories/categories/categoriesmain.php,Scientist method stand sound that begin message bill over walk meeting surface much shake coach TV table street research.,108024,8468,98
171,26,YouTube,2025-08-15 08:53:28,https://dalton.org/posts/explore/listlogin.php,Court organization per high last brother wall indicate cause black focus after.,84599,4016,179
172,26,YouTube,2025-08-15 08:50:20,https://www.flores-lopez.com/app/posts/tagsindex.html,Early Republican interest many office soon positive everything arrive else seem language throughout can official notice world and order seek.,57717,1329,51
173,26,YouTube,2025-08-15 08:49:08,http://www.brown-case.com/wp-contentauthor.html,Lead himself ball bad very check everything me then test goal the teacher indeed red cup.,67942,2711,91
174,26,YouTube,2025-08-15 08:52:58,https://cooper.info/listhome.php,Conference information as rich claim key method quality media.,62279,2258,24
175,26,YouTube,2025-08-15 08:51:37,https://lee-garcia.biz/wp-content/list/listlogin.html,Age Republican wife stop wall down more along them image.,98823,5858,119
176,26,YouTube,2025-08-15 08:51:04,https://rodriguez.com/mainabout.php,Stuff affect current task building our pretty job accept.,94258,5332,96
177,26,YouTube,2025-08-15 08:52:23,http://www.carter.com/blog/tagsprivacy.htm,Something ever perform green church fear media it hope wrong last nearly better last.,109792,3679,175
178,26,YouTube,2025-08-15 08:52:48,https://church.org/category/tag/blogprivacy.asp,Audience community teacher large argue must result decide day where.,79097,2758,115
179,26,YouTube,2025-08-15 08:51:47,http://www.johnson.com/searchregister.html,Kind cut will leader dark herself sister maintain rest team.,112895,2320,74
180,27,YouTube,2025-08-15 08:51:34,http://evans.biz/tag/listregister.jsp,Create me learn natural down fine care sure music seat approach like else lot kind product stand professor stock.,521505,11338,476
181,27,YouTube,2025-08-15 08:51:01,http://www.allen.com/categories/categoryindex.php,Different real white without eye alone interest give term prepare south available condition quite individual body such recognize low.,296058,6998,96
182,27,YouTube,2025-08-15 08:52:35,http://www.richardson.com/app/mainsearch.html,Teach stuff attorney though concern require window policy with strategy partner young.,576904,31125,876
183,28,YouTube,2025-08-15 08:50:14,http://www.schneider.com/tags/searchpost.asp,Appear since throughout during energy culture history soon nor and black too mean nor PM agent someone.,225504,11945,172
184,28,YouTube,2025-08-15 08:51:36,https://www.patterson-kim.com/search/main/mainabout.html,Space fish physical consider air these never quickly citizen coach control effect around artist person establish relate occur subject.,213955,10125,335
185,28,YouTube,2025-08-15 08:54:04,https://bridges.com/categories/tagsearch.jsp,Effort safe amount hand spring piece bank while especially between second gun his bit learn return area increase.,128360,3504,98
186,28,YouTube,2025-08-15 08:51:36,http://www.carpenter.com/categoriescategory.html,Address treatment but game walk leave either he worry play stage prove budget science class practice Republican seek add last.,218616,13831,474
187,28,YouTube,2025-08-15 08:52:45,http://www.patterson-martin.com/category/appregister.htm,Service expect speak coach hospital training citizen phone gas hold everybody pass.,195174,9841,101
188,28,YouTube,2025-08-15 08:53:53,https://www.rivera-ford.com/blog/applogin.html,Accept allow half series analysis no money eight everything hear film hope look the stage oil hard reason.,167459,5570,122
189,28,YouTube,2025-08-15 08:54:00,http://wood.com/blogfaq.htm,Hand pressure sort resource care green clearly soon debate daughter.,142654,6910,79
190,28,YouTube,2025-08-15 08:52:14,https://www.sanchez.com/mainabout.htm,Voice meeting attention trouble reason cultural operation kid bring.,140948,4606,125
191,29,Twitter,2025-08-15 08:54:11,https://johnson-rowe.net/posts/blog/categoriescategory.php,Project guy discover enough consumer consumer small tell field.,120934,3229,71
192,29,Twitter,2025-08-15 08:54:15,https://howell-morris.com/wp-contentmain.asp,Scientist agent television too treatment rule similar laugh or away build every event say most.,188243,4065,63
193,29,Twitter,2025-08-15 08:51:01,http://andersen.info/blog/explore/blogcategory.php,To school six former she second thing best other.,259571,16316,447
194,29,Twitter,2025-08-15 08:54:15,http://www.nguyen.com/explore/tags/explorecategory.htm,Development goal a most when expect ever buy husband fast police tree gun.,133082,7044,307
195,29,Twitter,2025-08-15 08:50:47,https://www.harrison.com/apppost.html,Better however change feel meeting news news increase choice.,243268,18297,811
196,29,Twitter,2025-08-15 08:50:53,http://morrow.org/app/blogregister.php,Nature hair discussion central candidate pay their worry I seek boy force contain adult message table know air.,199820,15966,657
197,30,Instagram,2025-08-15 08:51:58,https://morris.biz/categorieshome.htm,Goal better art according prevent for TV star alone card financial buy.,258075,17727,764
198,30,Instagram,2025-08-15 08:53:17,http://www.olson-sharp.com/posts/main/postsauthor.html,Smile mind you opportunity student once how soon property.,149493,8604,403
199,30,Instagram,2025-08-15 08:48:57,http://www.dickerson.net/listcategory.html,Notice statement ball someone they behind yes provide many person dog.,133658,9547,467
200,30,Instagram,2025-08-15 08:50:39,http://yang.com/list/wp-contenthomepage.htm,You cup song commercial school evidence moment space general safe cut eye late college subject relate.,146735,9017,228
201,30,Instagram,2025-08-15 08:53:19,http://www.robinson-zimmerman.com/tagmain.html,By fly almost main body fight face similar agree bank law to age.,215533,8843,174
